id,id_product,id_commerce,url,reg_date
1,1,1,https://www.buscalibre.cl/libro-amuleto/9788433973559/p/3249041,"2021-02-24 12:25:35"
2,2,1,https://www.buscalibre.cl/libro-los-sinsabores-del-verdadero-policia/9788433976857/p/6989895,"2021-02-24 12:25:35"
3,3,1,https://www.buscalibre.cl/libro-una-novelita-lumpen/9788433977243/p/29390150,"2021-02-24 12:25:35"
4,4,1,https://www.buscalibre.cl/libro-la-llegada-de-los-tres-la-torre-oscura-ii/9788401021428/p/49181529,"2021-02-24 12:25:35"
5,5,1,https://www.buscalibre.cl/libro-coleccion-completa-sherlock-holmes-8-volumenes/9789878354019/p/52195716,"2021-02-24 12:25:35"
6,6,1,https://www.buscalibre.cl/libro-en-busca-del-tiempo-perdido-7-tomos/9788499088464/p/4024026,"2021-02-24 12:25:35"
7,7,1,https://www.buscalibre.cl/libro-hojas-de-hierba/9788467055177/p/51447856,"2021-02-24 12:25:35"
8,8,1,https://www.buscalibre.cl/libro-la-broma-infinita/9788439702368/p/2407345,"2021-02-24 12:25:35"
9,9,1,https://www.buscalibre.cl/libro-catedral/9788433920577/p/1359440,"2021-02-24 12:25:35"
10,10,1,https://www.buscalibre.cl/libro-un-arbol-de-noche/9788433972477/p/1027459,"2021-02-24 12:25:35"
11,11,1,https://www.buscalibre.cl/libro-musica-para-camaleones/9788433914361/p/1027422,"2021-02-24 12:25:35"
12,12,1,https://www.buscalibre.cl/libro-el-capitan-salio-a-comer-y-los-marineros-tomaron-el-barco/9788433976789/p/4855210,"2021-02-24 12:25:35"
13,13,1,https://www.buscalibre.cl/libro-escritos-de-un-viejo-indecente/9788433920881/p/2617571,"2021-02-24 12:25:35"
14,14,1,https://www.buscalibre.cl/libro-erecciones-eyaculaciones-exhibiciones/9788433914552/p/1270723,"2021-02-24 12:25:35"
15,15,1,https://www.buscalibre.cl/libro-hollywood/9788433914262/p/2003140,"2021-02-24 12:25:35"
16,16,1,https://www.buscalibre.cl/libro-se-busca-una-mujer/9788433920225/p/1027448,"2021-02-24 12:25:35"
17,17,1,https://www.buscalibre.cl/libro-shakespeare-nunca-lo-hizo/9788433976871/p/6989897,"2021-02-24 12:25:35"
18,18,1,https://www.buscalibre.cl/libro-fragmentos-de-un-cuaderno-manchado-de-vino/9788433977052/p/27340125,"2021-02-24 12:25:35"
19,19,1,https://www.buscalibre.cl/libro-musica-de-canerias/9788433914729/p/1027421,"2021-02-24 12:25:35"
20,20,1,https://www.buscalibre.cl/libro-mujeres/9788433920997/p/1027420,"2021-02-24 12:25:35"
21,21,1,https://www.buscalibre.cl/libro-factotum/9788433920058/p/1271188,"2021-02-24 12:25:35"
22,22,1,https://www.buscalibre.cl/libro-pulp/9788433914873/p/2617475,"2021-02-24 12:25:35"
23,23,1,https://www.buscalibre.cl/libro-la-maquina-de-follar/9788433920447/p/2617574,"2021-02-24 12:25:35"
24,24,1,https://www.buscalibre.cl/libro-hijo-de-satanas/9788433914675/p/1027372,"2021-02-24 12:25:35"
25,25,1,https://www.buscalibre.cl/libro-cartero/9788433920638/p/1027303,"2021-02-24 12:25:35"
26,26,1,https://www.buscalibre.cl/libro-fiebre-en-las-gradas/9788433974778/p/2517976,"2021-02-24 12:25:35"
27,27,1,https://www.buscalibre.cl/libro-como-ser-buenos/9788433969583/p/1271816,"2021-02-24 12:25:35"
28,28,1,https://www.buscalibre.cl/libro-juliet-desnuda/9788433975430/p/3996455,"2021-02-24 12:25:35"
29,29,1,https://www.buscalibre.cl/libro-funny-girl/9788433979568/p/47391402,"2021-02-24 12:25:35"
30,30,1,https://www.buscalibre.cl/libro-31-canciones/9788433973528/p/2517994,"2021-02-24 12:25:35"
31,31,1,https://www.buscalibre.cl/libro-juliet-desnuda/9788433977120/p/27397657,"2021-02-24 12:25:35"
32,32,1,https://www.buscalibre.cl/libro-en-picado/9788433973634/p/3036008,"2021-02-24 12:25:35"
33,33,1,https://www.buscalibre.cl/libro-el-ano-del-verano-que-nunca-llego/9786073130493/p/46548386,"2021-02-24 12:25:35"
34,34,1,https://www.buscalibre.cl/libro-cronica-de-una-muerte-anunciada-literatura-random-house/9788439728382/p/41454304,"2021-02-24 12:25:35"
35,35,1,https://www.buscalibre.cl/libro-vivir-para-contarla/9788439728405/p/41447051,"2021-02-24 12:25:35"
36,36,1,https://www.buscalibre.cl/libro-relato-de-un-naufrago/9788439728399/p/41460322,"2021-02-24 12:25:35"
37,37,1,https://www.buscalibre.cl/libro-el-mundo-conocido/9788493401597/p/1811127,"2021-02-24 12:25:35"
38,38,1,https://www.buscalibre.cl/libro-en-la-corte-del-lobo/9788423344147/p/6116306,"2021-02-24 12:25:35"
39,39,1,https://www.buscalibre.cl/libro-gilead-st-martin-s-press-libro-en-ingles/9780312424404/p/1754380,"2021-02-24 12:25:35"
40,40,1,https://www.buscalibre.cl/libro-las-correcciones/9788498385786/p/38437297,"2021-02-24 12:25:35"
41,41,1,https://www.buscalibre.cl/libro-asombrosas-aventuras-de-kavalier-y-clay/9788497598859/p/3499080,"2021-02-24 12:25:35"
42,42,1,https://www.buscalibre.cl/libro-el-tiempo-es-un-canalla/9788495587831/p/4629109,"2021-02-24 12:25:35"
43,43,1,https://www.buscalibre.cl/libro-medio-sol-amarillo/9788439720690/p/3712706,"2021-02-24 12:25:35"
44,44,1,https://www.buscalibre.cl/libro-dientes-blancos/9788478886869/p/996952,"2021-02-24 12:25:35"
45,45,1,https://www.buscalibre.cl/libro-middlesex/9788433976994/p/14871294,"2021-02-24 12:25:35"
46,46,1,https://www.buscalibre.cl/libro-la-gran-guerra/9788439727514/p/39259251,"2021-02-24 12:25:35"
47,47,1,https://www.buscalibre.cl/libro-princesas-al-poder/9789562571807/p/51162688,"2021-02-24 12:25:35"
48,48,1,https://www.buscalibre.cl/libro-donde-viven-los-monstruos/9788484648581/p/40773629,"2021-02-24 12:25:35"
49,49,1,https://www.buscalibre.cl/libro-mickey-a-travi-s-de-los-siglos/9788491736875/p/52089135,"2021-02-24 12:25:35"
50,50,1,https://www.buscalibre.cl/libro-sin-city-edicion-integral-vol-2/9788467904680/p/4580217,"2021-02-24 12:25:35"
51,51,1,https://www.buscalibre.cl/libro-spiderman-toda-una-vida/9788413342597/p/52324084,"2021-02-24 12:25:35"
52,52,1,https://www.buscalibre.cl/libro-bonevol-1-lejos-de-boneville/9788493508890/p/1973087,"2021-02-24 12:25:35"
53,53,1,https://www.buscalibre.cl/libro-fenix-n-01-12-nueva-edicion/9788491737001/p/50663112,"2021-02-24 12:25:35"
54,54,1,https://www.buscalibre.cl/libro-adolf/9788415921455/p/34584545,"2021-02-24 12:25:35"
55,55,1,https://www.buscalibre.cl/libro-notas-al-pie-de-gaza/9788439722526/p/3384329,"2021-02-24 12:25:35"
56,56,1,https://www.buscalibre.cl/libro-gorazde-nueva-edicii-n/9788415480969/p/46669708,"2021-02-24 12:25:35"
57,57,1,https://www.buscalibre.cl/libro-historias-de-bosnia/9788416543601/p/47310060,"2021-02-24 12:25:35"
58,58,1,https://www.buscalibre.cl/libro-usagi-yojimbo-3/9788491730170/p/50663383,"2021-02-24 12:25:35"
59,59,1,https://www.buscalibre.cl/libro-37/9788416816446/p/49089121,"2021-02-24 12:25:35"
60,60,1,https://www.buscalibre.cl/libro-usagi-yojimbo-2/9788491467182/p/49180118,"2021-02-24 12:25:35"
61,61,1,https://www.buscalibre.cl/libro-100-balas-libro-01-de-5/9788418094491/p/52679864,"2021-02-24 12:25:35"
62,62,1,https://www.buscalibre.cl/libro-kobane-calling/9788416709571/p/48078364,"2021-02-24 12:25:35"
63,63,1,https://www.buscalibre.cl/libro-ciencia-oscura-edicion-de-lujo-1-manual-de-entropia-para-principiantes/9788467935097/p/51801216,"2021-02-24 12:25:35"
64,66,1,https://www.buscalibre.cl/libro-aidp-integral-1/9788467909937/p/17927181,"2021-02-24 12:25:35"
65,67,1,https://www.buscalibre.cl/libro-alicia/9788426398550/p/46882530,"2021-02-24 12:25:35"
66,68,1,https://www.buscalibre.cl/libro-barrera/9788417507466/p/52215138,"2021-02-24 12:25:35"
67,69,1,https://www.buscalibre.cl/libro-tintin-box-la-coleccion-completa/9788426144508/p/49027026,"2021-02-24 12:25:35"
68,70,1,https://www.buscalibre.cl/libro-donald-happiest-adventures/9788491736868/p/50663120,"2021-02-24 12:25:35"
69,71,1,https://www.buscalibre.cl/libro-star-wars-omnibus-jason-aaron-n-01/9788491740230/p/52087733,"2021-02-24 12:25:35"
70,72,1,https://www.buscalibre.cl/libro-star-wars-darth-vader-omnibus/9788491740223/p/52153919,"2021-02-24 12:25:35"
71,73,1,https://www.buscalibre.cl/libro-the-boys-integral-vol-1/9788467911381/p/28270663,"2021-02-24 12:25:35"
72,74,1,https://www.buscalibre.cl/libro-asalto-al-hades-el/9789873861062/p/51926092,"2021-02-24 12:25:35"
73,75,1,https://www.buscalibre.cl/libro-juan-solo-integral/9788417125486/p/50279437,"2021-02-24 12:25:35"
74,76,1,https://www.buscalibre.cl/libro-los-pitufos-integral-01/9788467924756/p/47864717,"2021-02-24 12:25:35"
75,77,1,https://www.buscalibre.cl/libro-los-malditos-n-01/9788491467847/p/50035833,"2021-02-24 12:25:35"
76,78,1,https://www.buscalibre.cl/libro-estrella-distante/9788417247096/p/50199162,"2021-02-24 12:25:35"
77,79,1,https://www.buscalibre.cl/libro-from-hell/9788415480846/p/27870866,"2021-02-24 12:25:35"
78,80,1,https://www.buscalibre.cl/libro-los-muertos-vivientes-integral-n-1/9788468402772/p/4148775,"2021-02-24 12:25:35"
79,81,1,https://www.buscalibre.cl/libro-1959-metahulla-2/9789569994159/p/50661232,"2021-02-24 12:25:35"
80,82,1,https://www.buscalibre.cl/libro-los-fantastibulosos-mundos-de-roald-dahl/9788416773206/p/47857639,"2021-02-24 12:25:35"
81,83,1,https://www.buscalibre.cl/libro-the-league-of-extraordinary-gentlemen-n-02/9788416636006/p/47794339,"2021-02-24 12:25:35"
82,84,1,https://www.buscalibre.cl/libro-the-league-of-extraordinary-gentlemen-n-03/9788416636037/p/48006727,"2021-02-24 12:25:35"
83,85,1,https://www.buscalibre.cl/libro-the-league-of-extraordinary-gentlemen-n-01/9788416543625/p/47340460,"2021-02-24 12:25:35"
84,87,1,https://www.buscalibre.cl/libro-de-animales-a-dioses-breve-historia-de-la-humanidad/9789569583933/p/47861303,"2021-02-24 12:25:35"
85,88,1,https://www.buscalibre.cl/libro-american-gods/9788415729204/p/34489513,"2021-02-24 12:25:35"
86,89,1,https://www.buscalibre.cl/libro-buenos-presagios/9789569957017/p/51505029,"2021-02-24 12:25:35"
87,92,1,https://www.buscalibre.cl/libro-cochrane-vs-cthulhu/9789569585340/p/48188553,"2021-02-24 12:25:35"
88,94,1,https://www.buscalibre.cl/libro-cuentos-completos-i-philip-k-dick-bibliotecas-de-autor/9788445007211/p/52290979,"2021-02-24 12:25:35"
89,95,1,https://www.buscalibre.cl/libro-ubik/9788445007372/p/52154637,"2021-02-24 12:25:35"
90,96,1,https://www.buscalibre.cl/libro-los-tres-estigmas-de-palmer-eldritch/9788445007150/p/52062116,"2021-02-24 12:25:35"
91,97,1,https://www.buscalibre.cl/libro-la-penultima-verdad/9788445007334/p/52290976,"2021-02-24 12:25:35"
92,98,1,https://www.buscalibre.cl/libro-cuentos-completos-2/9788445007228/p/52430547,"2021-02-24 12:25:35"
93,99,1,https://www.buscalibre.cl/libro-fluyan-mis-li-grimas-dijo-el-polici-a/9788445006986/p/52009732,"2021-02-24 12:25:35"
94,100,1,https://www.buscalibre.cl/libro-cronicas-marcianas/9786070761546/p/52017183,"2021-02-24 12:25:35"
95,102,1,https://www.buscalibre.cl/libro-el-sol-desnudo/9788497937856/p/1801215,"2021-02-24 12:25:35"
96,103,1,https://www.buscalibre.cl/libro-los-robots-del-amanecer/9788497599559/p/1068199,"2021-02-24 12:25:35"
97,104,1,https://www.buscalibre.cl/libro-monster-kanzenban-n-01/9788467476613/p/2863437,"2021-02-24 12:25:35"
98,105,1,https://www.buscalibre.cl/libro-monster-kanzenban-n-02/9788467476620/p/2863674,"2021-02-24 12:25:35"
99,106,1,https://www.buscalibre.cl/libro-dragon-head-n-01-05/9788491734857/p/52088145,"2021-02-24 12:25:35"
100,107,1,https://www.buscalibre.cl/libro-hanzo-el-camino-del-asesino-hanzo-1-2-ed/9788416840656/p/48799299,"2021-02-24 12:25:35"
101,108,1,https://www.buscalibre.cl/libro-dragon-head-n-02-05/9788413410166/p/52388584,"2021-02-24 12:25:35"
102,109,1,https://www.buscalibre.cl/libro-la-chica-a-la-orilla-del-mar-01/9788494087486/p/38211671,"2021-02-24 12:25:35"
103,110,1,https://www.buscalibre.cl/libro-la-chica-a-la-orilla-del-mar-2/9788494087493/p/40340360,"2021-02-24 12:25:35"
104,111,1,https://www.buscalibre.cl/libro-pluto-n-01-08-nueva-edicion/9788491460299/p/48005476,"2021-02-24 12:25:35"
105,112,1,https://www.buscalibre.cl/libro-3-x-3-eyes-01/9788417777906/p/51650696,"2021-02-24 12:25:35"
106,113,1,https://www.buscalibre.cl/libro-lobo-solitario-y-su-cachorro-1/9788416693177/p/47310165,"2021-02-24 12:25:35"
107,124,1,https://www.buscalibre.cl/libro-obra-completa-estuche-con-sapiens-homo-deus-21-lecciones-para-el-siglo-xxi-18041-historia/9788417636845/p/52135284,"2021-02-24 12:25:35"
108,125,1,https://www.buscalibre.cl/libro-codigo-limpio/9788441532106/p/9257665,"2021-02-24 12:25:35"
109,126,1,https://www.buscalibre.cl/libro-el-castillo-de-las-estrellas-01-1869-la-conquista-del-espacio/9788467918779/p/46476857,"2021-02-24 12:25:35"
110,127,1,https://www.buscalibre.cl/libro-sangri-la/9788416507818/p/48959550,"2021-02-24 12:25:35"
111,128,1,https://www.buscalibre.cl/libro-blacksad-02-arctic-nation/9788484317326/p/1957605,"2021-02-24 12:25:35"
112,129,1,https://www.buscalibre.cl/libro-thorgal-integral-1/9788467938180/p/51971990,"2021-02-24 12:25:35"
113,130,1,https://www.buscalibre.cl/libro-erase-una-vez-en-francia-01/9788467910988/p/28270644,"2021-02-24 12:25:35"
114,131,1,https://www.buscalibre.cl/libro-los-surcos-del-azar-edicion-ampliada-proxima-aparicion/9788417575199/p/51648864,"2021-02-24 12:25:35"
115,132,1,https://www.buscalibre.cl/libro-lydie-edicion-especial/9788467920871/p/47043828,"2021-02-24 12:25:35"
116,133,1,https://www.buscalibre.cl/libro-jamas-tendre-20-anos/9788467924701/p/47867525,"2021-02-24 12:25:35"
117,134,1,https://www.buscalibre.cl/libro-march-una-cronica-de-la-lucha-por-los-derechos-civiles-de-los-afroamericanos/9788467930498/p/50084344,"2021-02-24 12:25:35"
118,135,1,https://www.buscalibre.cl/libro-esta-parte-me-encanta/9789585942943/p/51615244,"2021-02-24 12:25:35"
119,136,1,https://www.buscalibre.cl/libro-en-un-rayo-de-sol-2-parte/9788417442385/p/51538659,"2021-02-24 12:25:35"
120,137,1,https://www.buscalibre.cl/libro-en-un-rayo-de-sol-1-parte/9788417442330/p/51431000,"2021-02-24 12:25:35"
121,138,1,https://www.buscalibre.cl/libro-piruetas/9788416400812/p/49088450,"2021-02-24 12:25:35"
122,139,1,https://www.buscalibre.cl/libro-me-estas-escuchando/9788417442620/p/52792017,"2021-02-24 12:25:35"
123,140,1,https://www.buscalibre.cl/libro-frankenstein-nueva-edicion-novela-grafica/9788413412344/p/52802878,"2021-02-24 12:25:35"
124,141,1,https://www.buscalibre.cl/libro-sleeper-integral/9788418120077/p/52680412,"2021-02-24 12:25:35"
125,142,1,https://www.buscalibre.cl/libro-la-inocencia-del-nihilismo/9788417442057/p/50413304,"2021-02-24 12:25:35"
126,143,1,https://www.buscalibre.cl/libro-queen-and-country-1/9788416090815/p/46509140,"2021-02-24 12:25:35"
127,144,1,https://www.buscalibre.cl/libro-estela-plateada-de-dan-slott-y-mike-allred/9788413343624/p/52782809,"2021-02-24 12:25:35"
128,148,1,https://www.buscalibre.cl/libro-blackest-night-omnibus-10th-anniversary-libro-en-ingles/9781401291198/p/51848028,"2021-02-24 12:25:35"
129,149,1,https://www.buscalibre.cl/libro-final-crisis-omnibus-new-printing-libro-en-ingles/9781779501400/p/52047688,"2021-02-24 12:25:35"
130,150,1,https://www.buscalibre.cl/libro-batman-knightfall-omnibus-vol-1-libro-en-ingles/9781401270421/p/48384057,"2021-02-24 12:25:35"
131,151,1,https://www.buscalibre.cl/libro-absolute-justice-league-the-world-s-greatest-superheroes-by-alex-ross-paul-dini-the-world-s-greatest-superheroes-by-alex-ross-and-paul-libro-en-ingles/9781401273705/p/48387420,"2021-02-24 12:25:35"
132,152,1,https://www.buscalibre.cl/libro-the-absolute-sandman-vol-1-libro-en-ingles/9781401210823/p/1829942,"2021-02-24 12:25:35"
133,154,1,https://www.buscalibre.cl/libro-viaje-al-centro-de-la-tierra/9788467050660/p/49017526,"2021-02-24 12:25:35"
134,155,1,https://www.buscalibre.cl/libro-the-complete-book-of-origamistep-by-step-instructions-in-over-1000-diagrams-37-original-models/9780486258379/p/1533937,"2021-02-24 12:25:35"
135,156,1,https://www.buscalibre.cl/libro-origami-under-the-sea/9780486477848/p/4700344,"2021-02-24 12:25:35"
136,157,1,https://www.buscalibre.cl/libro-origami-insects-and-their-kinstep-by-step-instructions-in-over-1500-diagrams/9780486286020/p/1554710,"2021-02-24 12:25:35"
137,158,1,https://www.buscalibre.cl/libro-mythological-creatures-and-the-chinese-zodiac-origami/9780486479514/p/3840614,"2021-02-24 12:25:35"
138,159,1,https://www.buscalibre.cl/libro-dc-superheroes-origami/9788415094197/p/47483223,"2021-02-24 12:25:35"
139,160,1,https://www.buscalibre.cl/libro-favorite-animals-in-origami-dover-origami-papercraft-libro-en-ingles/9780486291369/p/1561170,"2021-02-24 12:25:35"
140,161,1,https://www.buscalibre.cl/libro-invincible-the-ultimate-collection-volume-12-libro-en-ingles/9781534306585/p/50575680,"2021-02-24 12:25:35"
141,162,1,https://www.buscalibre.cl/libro-saga-book-three-libro-en-ingles/9781534312210/p/51759124,"2021-02-24 12:25:35"
142,163,1,https://www.buscalibre.cl/libro-invincible-the-ultimate-collection-volume-5-libro-en-ingles/9781607061168/p/2642837,"2021-02-24 12:25:35"
143,164,1,https://www.buscalibre.cl/libro-teenage-mutant-ninja-turtles-the-idw-collection-volume-2-libro-en-ingles/9781631405396/p/48410562,"2021-02-24 12:25:35"
144,165,1,https://www.buscalibre.cl/libro-tales-from-the-dc-dark-multiverse-libro-en-ingles/9781779501370/p/52043526,"2021-02-24 12:25:35"
145,167,1,https://www.buscalibre.cl/libro-dceased-libro-en-ingles/9781401294403/p/52040987,"2021-02-24 12:25:35"
146,168,1,https://www.buscalibre.cl/libro-vinland-saga-3-libro-en-ingles/9781612624228/p/40448457,"2021-02-24 12:25:35"
147,169,1,https://www.buscalibre.cl/libro-vinland-saga-vol-10-libro-en-ingles/9781632366306/p/50587378,"2021-02-24 12:25:35"
148,170,1,https://www.buscalibre.cl/libro-death-note-all-in-one-edition-libro-en-ingles/9781421597713/p/49250127,"2021-02-24 12:25:35"
149,176,1,https://www.buscalibre.cl/libro-buenas-noches-punpun-01/9788467920574/p/46890820,"2021-02-24 12:25:35"
150,177,1,https://www.buscalibre.cl/libro-arte-de-tejer-2016/9789874028006/p/47418087,"2021-02-24 12:25:35"
151,181,1,https://www.buscalibre.cl/libro-entender-el-comic/9788496815124/p/3670613,"2021-02-24 12:25:35"
153,185,1,https://www.buscalibre.cl/libro-mobile-suit-gundam-the-origin-vol-2-garma-libro-en-ingles/9781935654889/p/25893429,"2021-02-24 12:25:35"
154,186,1,https://www.buscalibre.cl/libro-20-master-plots-and-how-to-build-them-libro-en-ingles/9781599635378/p/4941438,"2021-02-24 12:25:35"
155,187,1,https://www.buscalibre.cl/libro-sherlock-holmes-obras-completas-4-tomos-td/9788497944441/p/50834690,"2021-02-24 12:25:35"
156,188,1,https://www.buscalibre.cl/libro-el-silencio-de-los-malditos/9789569585456/p/50092080,"2021-02-24 12:25:35"
157,189,1,https://www.buscalibre.cl/libro-bovedas-de-acero-serie-de-los-robots-2/9788497937306/p/1068226,"2021-02-24 12:25:35"
158,193,1,https://www.buscalibre.cl/libro-dune-la-novela-gri-fica-volumen-1/9788467943603/p/53082278,"2021-02-24 12:25:35"
159,194,1,https://www.buscalibre.cl/libro-death-note-edicion-integral/9788467936384/p/52186445,"2021-02-24 12:25:35"
160,195,1,https://www.buscalibre.cl/libro-erase-una-vez-en-francia-edicion-integral/9788467943757/p/53082272,"2021-02-24 12:25:35"
161,196,1,https://www.buscalibre.cl/libro-the-crow/9788467930320/p/50547049,"2021-02-24 12:25:35"
162,199,1,https://www.buscalibre.cl/libro-the-umbrella-academy-library-edition-volume-2-dallas-umbrella-academy-dallas-libro-en-ingles/9781506715483/p/52038110,"2021-02-24 12:25:35"
163,200,1,https://www.buscalibre.cl/libro-the-umbrella-academy-library-editon-volume-1-apocalypse-suite-umbrella-academy-apocalypse-suite-libro-en-ingles/9781506715476/p/52044333,"2021-02-24 12:25:35"
164,201,1,https://www.buscalibre.cl/libro-devilman-the-first-03/9788413340715/p/51973176,"2021-02-24 12:25:35"
165,202,1,https://www.buscalibre.cl/libro-el-puno-de-la-estrella-del-norte-hokuto-no-ken-n-08-18/9788413410692/p/53084686,"2021-02-24 12:25:35"
166,203,1,https://www.buscalibre.cl/libro-solanin-nueva-edicion/9788467934892/p/51195329,"2021-02-24 12:25:35"
167,204,1,https://www.buscalibre.cl/libro-billy-bat-01/9788468402437/p/4270101,"2021-02-24 12:25:35"
168,205,1,https://www.buscalibre.cl/libro-billy-bat-02/9788468402444/p/4517283,"2021-02-24 12:25:35"
169,206,1,https://www.buscalibre.cl/libro-3-billy-bat/9788468402451/p/4580338,"2021-02-24 12:25:35"
170,207,1,https://www.buscalibre.cl/libro-billy-bat-n-4/9788468402468/p/4671791,"2021-02-24 12:25:35"
171,208,1,https://www.buscalibre.cl/libro-billy-bat-n-05-manga/9788468476872/p/5046793,"2021-02-24 12:25:35"
172,209,1,https://www.buscalibre.cl/libro-happy-01/9788415921004/p/34584542,"2021-02-24 12:25:35"
173,210,1,https://www.buscalibre.cl/libro-happy-02/9788415921028/p/38340808,"2021-02-24 12:25:35"
174,211,1,https://www.buscalibre.cl/libro-happy-03/9788415921035/p/40214735,"2021-02-24 12:25:35"
175,212,1,https://www.buscalibre.cl/libro-happy-04/9788415921042/p/43458004,"2021-02-24 12:25:35"
176,213,1,https://www.buscalibre.cl/libro-happy-05/9788415921059/p/45763425,"2021-02-24 12:25:35"
177,214,1,https://www.buscalibre.cl/libro-sombras-sobre-shimanami-vol-1/9788416188482/p/49168846,"2021-02-24 12:25:35"
178,215,1,https://www.buscalibre.cl/libro-sombras-sobre-shimanami-vol-2/9788416188598/p/50411343,"2021-02-24 12:25:35"
179,216,1,https://www.buscalibre.cl/libro-sombras-sobre-shimanami-vol-3/9788416188697/p/50900148,"2021-02-24 12:25:35"
180,217,1,https://www.buscalibre.cl/libro-sombras-sobre-shimanami-vol-4/9788416188765/p/51462757,"2021-02-24 12:25:35"
181,218,1,https://www.buscalibre.cl/libro-el-barrio-de-la-luz/9788467926552/p/48185090,"2021-02-24 12:25:35"
182,219,1,https://www.buscalibre.cl/libro-reiraku/9788467935318/p/51475703,"2021-02-24 12:25:35"
183,220,1,https://www.buscalibre.cl/libro-antologia-de-inio-asano/9788467942552/p/53002194,"2021-02-24 12:25:35"
184,221,1,https://www.buscalibre.cl/libro-un-mundo-maravilloso/9788467941739/p/52873771,"2021-02-24 12:25:35"
185,222,1,https://www.buscalibre.cl/libro-seveneves/9788466658959/p/47366361,"2021-02-24 12:25:35"
186,223,1,https://www.buscalibre.cl/libro-snow-crash/9788416035830/p/49088127,"2021-02-24 12:25:35"
187,224,1,https://www.buscalibre.cl/libro-matadero-cinco-o-la-cruzada-de-los-ninos-una-danza-por-deber-con-la-muerte/9788418215285/p/53092428,"2021-02-24 12:25:35"
188,225,1,https://www.buscalibre.cl/libro-levius-01/9788418450174/p/52996942,"2021-02-24 12:25:35"
189,226,1,https://www.buscalibre.cl/libro-levius-2/9788418562051/p/53089179,"2021-02-24 12:25:35"
190,227,1,https://www.buscalibre.cl/libro-capitan-tsubasa-n-01/9788413418186/p/52987386,"2021-02-24 12:25:35"
191,228,1,https://www.buscalibre.cl/libro-batman-by-grant-morrison-omnibus-vol-3-batman-omnibus/9781779502711/p/52971267,"2021-02-24 12:25:35"
257,230,1,https://www.buscalibre.cl/libro-la-capa-1969/9788415480747/p/26661495,"2021-04-05 12:21:45"
258,231,1,https://www.buscalibre.cl/libro-american-gods-ilustrado/9788417305635/p/50669939,"2021-03-08 15:20:06"
259,232,1,https://www.buscalibre.cl/libro-american-gods-sombras-tomo-n-01-03/9788416090082/p/51442279,"2021-03-08 15:29:07"
260,233,1,https://www.buscalibre.cl/libro-american-gods-sombras-tomo-n-02/9788491737315/p/52802882,"2021-03-08 15:30:23"
261,234,1,https://www.buscalibre.cl/libro-en-busca-de-venus-el-arte-de-medir-el-cielo/9788430623211/p/52980183,"2021-03-09 10:23:37"
262,235,1,https://www.buscalibre.cl/libro-la-voragine/9789583059131/p/52201884,"2021-03-09 10:29:53"
263,236,1,https://www.buscalibre.cl/libro-la-mano-izquierda-de-la-oscuridad/9789584289773/p/52993781,"2021-03-09 10:32:48"
264,236,1,https://www.buscalibre.cl/libro-el-adversario/9788433902375/p/51673524,"2021-03-09 10:36:31"
265,238,1,https://www.buscalibre.cl/libro-una-musica-futura/9789569707124/p/52771740,"2021-03-09 10:38:37"
266,236,1,https://www.buscalibre.cl/libro-la-mano-izquierda-de-la-oscuridad/9789584289773/p/52993781,"2021-03-09 10:40:55"
267,237,1,https://www.buscalibre.cl/libro-el-adversario/9788433902375/p/51673524,"2021-03-09 10:41:33"
268,239,1,https://www.buscalibre.cl/libro-pobres-diablos/9789569956126/p/50280599,"2021-03-09 10:43:51"
269,240,1,https://www.buscalibre.cl/libro-terramar-50-aniversario/9788445008614/p/53077197,"2021-03-10 17:07:58"
270,241,1,https://www.buscalibre.cl/libro-el-color-de-la-magia/9788497596794/p/2911502,"2021-03-10 17:08:46"
271,242,1,https://www.buscalibre.cl/libro-el-nadador-en-el-mar-secreto/9788416259007/p/46500628,"2021-03-10 17:20:50"
272,243,1,https://www.buscalibre.cl/libro-stoner/9789874568847/p/48029576,"2021-03-10 17:23:50"
273,244,1,https://www.buscalibre.cl/libro-quien-se-hara-cargo-del-hospital-de-ranas/9789877121698/p/51886420,"2021-03-10 17:27:14"
274,245,1,https://www.buscalibre.cl/libro-lo-que-mas-me-gusta-son-los-monstruos/9788417125639/p/50037225,"2021-03-10 17:31:36"
275,246,1,https://www.buscalibre.cl/libro-memento-mori-versos-canciones-y-trocitos-de-carne-1/9788466332392/p/47284808,"2021-03-10 17:34:43"
276,247,1,https://www.buscalibre.cl/libro-el-diario-de-un-hombre-decepcionado/9788490655344/p/50844357,"2021-03-10 17:37:15"
277,248,1,https://www.buscalibre.cl/libro-nuestra-parte-de-noche/9789566045267/p/52237908,"2021-03-10 17:39:52"
278,249,1,https://www.buscalibre.cl/libro-lugar/9789568957117/p/49131830,"2021-03-10 17:46:57"
279,251,1,https://www.buscalibre.cl/libro-ahogado-el/9789500439459/p/50388169,"2021-03-11 17:19:52"
280,252,1,https://www.buscalibre.cl/libro-algun-dia-este-dolor-te-sera-util/9788492663545/p/6087905,"2021-03-11 17:21:08"
281,253,1,https://www.buscalibre.cl/libro-karmen/9788467943177/p/52987473,"2021-04-01 12:50:04"
282,254,1,https://www.buscalibre.cl/libro-doctor-star-y-el-reino-de-los-mananas-perdidos-proxima-aparicion/9788417575328/p/51800896,"2021-04-01 14:38:53"
283,255,1,https://www.buscalibre.cl/libro-bouncer-comic-europeo-norma/9788467908091/p/17585198,"2021-04-01 14:52:43"
284,256,1,https://www.buscalibre.cl/libro-clandestino/9789569994494/p/53167712,"2021-04-05 11:17:09"
285,257,1,https://www.buscalibre.cl/libro-batman-road-to-no-man-s-land-omnibus/9781779506610/p/53081149,"2021-05-25 09:22:18"
286,258,1,https://www.buscalibre.cl/libro-the-boys-integral-3/9788467917406/p/46444798,"2021-06-01 10:27:08"
287,259,1,https://www.buscalibre.cl/libro-el-puno-de-la-estrella-del-norte-hokuto-no-ken-n-09/9788413415673/p/53171764,"2021-06-22 09:23:00"
288,260,1,https://www.buscalibre.cl/libro-el-puno-de-la-estrella-del-norte-hokuto-no-ken-n-10-18/9788413415680/p/53175505,"2021-06-22 09:30:16"
290,261,1,https://www.buscalibre.cl/libro-jla-by-grant-morrison-omnibus/9781779504999/p/53080931,"2021-06-22 09:36:48"
